,Stocks,weight
0,AAPL,0.16666666666666666
1,MSFT,0.16666666666666666
2,GOOG,0.16666666666666666
3,TSLA,0.16666666666666666
4,JPM,0.16666666666666666
5,PFE,0.16666666666666666
6,KO,0.16666666666666666
7,XOM,0.16666666666666666
8,NVDA,0.16666666666666666
9,AMZN,0.16666666666666666
10,^GSPC,0.16666666666666666
